page_file;status
page_1.html;True
page_2.html;True
page_3.html;True
page_4.html;True
page_5.html;True
page_6.html;True
page_7.html;True
page_8.html;True
page_9.html;True
page_10.html;True
page_11.html;True
page_12.html;True
page_13.html;True
page_14.html;True
page_15.html;True
page_16.html;True
page_17.html;True
page_18.html;True
page_19.html;True
page_20.html;True
page_21.html;True
page_22.html;True
page_23.html;True
page_24.html;True
page_25.html;True
page_26.html;True
page_27.html;True
page_28.html;True
page_29.html;True
page_30.html;True
page_31.html;True
page_32.html;True
page_33.html;True
page_34.html;True
page_35.html;True
page_36.html;True
page_37.html;True
page_38.html;True
page_39.html;True
page_40.html;True
page_41.html;True
page_42.html;True
page_43.html;True
page_44.html;True
page_45.html;True
page_46.html;True
page_47.html;True
page_48.html;True
page_49.html;True
page_50.html;True
page_51.html;True
page_52.html;True
page_53.html;True
page_54.html;True
page_55.html;True
page_56.html;True
page_57.html;True
page_58.html;True
page_59.html;True
page_60.html;True
page_61.html;True
page_62.html;True
page_63.html;True
page_64.html;True
page_65.html;True
page_66.html;True
page_67.html;True
page_68.html;True
page_69.html;True
page_70.html;True
page_71.html;True
page_72.html;True
page_73.html;True
page_74.html;True
page_75.html;True
page_76.html;True
page_77.html;True
page_78.html;True
page_79.html;True
page_80.html;True
page_81.html;True
page_82.html;True
page_83.html;True
page_84.html;True
page_85.html;True
page_86.html;True
page_87.html;True
page_88.html;True
page_89.html;True
page_90.html;True
page_91.html;True
page_92.html;True
page_93.html;True
page_94.html;True
page_95.html;True
page_96.html;True
page_97.html;True
page_98.html;True
page_99.html;True
page_100.html;True
page_101.html;True
page_102.html;True
page_103.html;True
page_104.html;True
page_105.html;True
page_106.html;True
page_107.html;True
page_108.html;True
page_109.html;True
page_110.html;True
page_111.html;True
page_112.html;True
page_113.html;True
page_114.html;True
page_115.html;True
page_116.html;True
page_117.html;True
page_118.html;True
page_119.html;True
page_120.html;True
page_121.html;True
page_122.html;True
page_123.html;True
page_124.html;True
page_125.html;True
page_126.html;True
page_127.html;True
page_128.html;True
page_129.html;True
page_130.html;True
page_131.html;True
page_132.html;True
page_133.html;True
page_134.html;True
page_135.html;True
page_136.html;True
page_137.html;True
page_138.html;True
page_139.html;True
page_140.html;True
page_141.html;True
page_142.html;True
page_143.html;True
page_144.html;True
page_145.html;True
page_146.html;True
page_147.html;True
page_148.html;True
page_149.html;True
page_150.html;True
page_151.html;True
page_152.html;True
page_153.html;True
page_154.html;True
page_155.html;True
page_156.html;True
page_157.html;True
page_158.html;True
page_159.html;True
page_160.html;True
page_161.html;True
page_162.html;True
page_163.html;True
page_164.html;True
page_165.html;True
page_166.html;True
page_167.html;True
page_168.html;True
page_169.html;True
page_170.html;True
page_171.html;True
page_172.html;True
page_173.html;True
page_174.html;True
page_175.html;True
page_176.html;True
page_177.html;True
page_178.html;True
page_179.html;True
page_180.html;True
page_181.html;True
page_182.html;True
page_183.html;True
page_184.html;True
page_185.html;True
page_186.html;True
page_187.html;True
page_188.html;True
page_189.html;True
page_190.html;True
page_191.html;True
page_192.html;True
page_193.html;True
page_194.html;True
page_195.html;True
page_196.html;True
page_197.html;True
page_198.html;True
page_199.html;True
page_200.html;True
page_201.html;True
page_202.html;True
page_203.html;True
page_204.html;True
page_205.html;True
page_206.html;True
page_207.html;True
page_208.html;True
page_209.html;True
page_210.html;True
page_211.html;True
page_212.html;True
page_213.html;True
page_214.html;True
page_215.html;True
page_216.html;True
page_217.html;True
page_218.html;True
page_219.html;True
page_220.html;True
page_221.html;True
page_222.html;True
page_223.html;True
page_224.html;True
page_225.html;True
page_226.html;True
page_227.html;True
page_228.html;True
page_229.html;True
page_230.html;True
page_231.html;True
page_232.html;True
page_233.html;True
page_234.html;True
page_235.html;True
page_236.html;True
page_237.html;True
page_238.html;True
page_239.html;True
page_240.html;True
page_241.html;True
page_242.html;True
page_243.html;True
page_244.html;True
page_245.html;True
page_246.html;True
page_247.html;True
page_248.html;True
page_249.html;True
page_250.html;True
page_251.html;True
page_252.html;True
page_253.html;True
page_254.html;True
page_255.html;True
page_256.html;True
page_257.html;True
page_258.html;True
page_259.html;True
page_260.html;True
page_261.html;True
page_262.html;True
page_263.html;True
page_264.html;True
page_265.html;True
page_266.html;True
page_267.html;True
page_268.html;True
page_269.html;True
page_270.html;True
page_271.html;True
page_272.html;True
page_273.html;True
page_274.html;True
page_275.html;True
page_276.html;True
page_277.html;True
page_278.html;True
page_279.html;True
page_280.html;True
page_281.html;True
page_282.html;True
page_283.html;True
page_284.html;True
page_285.html;True
page_286.html;True
page_287.html;True
page_288.html;True
page_289.html;True
page_290.html;True
page_291.html;True
page_292.html;True
page_293.html;True
page_294.html;True
page_295.html;True
page_296.html;True
page_297.html;True
page_298.html;True
page_299.html;True
page_300.html;True
page_301.html;True
page_302.html;True
page_303.html;True
page_304.html;True
page_305.html;True
page_306.html;True
page_307.html;True
page_308.html;True
page_309.html;True
page_310.html;True
page_311.html;True
page_312.html;True
page_313.html;True
page_314.html;True
page_315.html;True
page_316.html;True
page_317.html;True
page_318.html;True
page_319.html;True
page_320.html;True
page_321.html;True
page_322.html;True
page_323.html;True
page_324.html;True
page_325.html;True
page_326.html;True
page_327.html;True
page_328.html;True
page_329.html;True
page_330.html;True
page_331.html;True
page_332.html;True
page_333.html;True
page_334.html;True
page_335.html;True
page_336.html;True
page_337.html;True
page_338.html;True
page_339.html;True
page_340.html;True
page_341.html;True
page_342.html;True
page_343.html;True
page_344.html;True
page_345.html;True
page_346.html;True
page_347.html;True
page_348.html;True
page_349.html;True
page_350.html;True
page_351.html;True
page_352.html;True
page_353.html;True
page_354.html;True
page_355.html;True
page_356.html;True
page_357.html;True
page_358.html;True
page_359.html;True
page_360.html;True
page_361.html;True
page_362.html;True
page_363.html;True
page_364.html;True
page_365.html;True
page_366.html;True
page_367.html;True
page_368.html;True
page_369.html;True
page_370.html;True
page_371.html;True
page_372.html;True
page_373.html;True
page_374.html;True
page_375.html;True
page_376.html;True
page_377.html;True
page_378.html;True
page_379.html;True
page_380.html;True
page_381.html;True
page_382.html;True
page_383.html;True
page_384.html;True
page_385.html;True
page_386.html;True
page_387.html;True
page_388.html;True
page_389.html;True
page_390.html;True
page_391.html;True
page_392.html;True
page_393.html;True
page_394.html;True
page_395.html;True
page_396.html;True
page_397.html;True
page_398.html;True
page_399.html;True
page_400.html;True
page_401.html;True
page_402.html;True
page_403.html;True
page_404.html;True
page_405.html;True
page_406.html;True
page_407.html;True
page_408.html;True
page_409.html;True
page_410.html;True
page_411.html;True
page_412.html;True
page_413.html;True
page_414.html;True
page_415.html;True
page_416.html;True
page_417.html;True
page_418.html;True
page_419.html;True
page_420.html;True
page_421.html;True
page_422.html;True
page_423.html;True
page_424.html;True
page_425.html;True
page_426.html;True
page_427.html;True
page_428.html;True
page_429.html;True
page_430.html;True
page_431.html;True
page_432.html;True
page_433.html;True
page_434.html;True
page_435.html;True
page_436.html;True
page_437.html;True
page_438.html;True
page_439.html;True
page_440.html;True
page_441.html;True
page_442.html;True
page_443.html;True
page_444.html;True
page_445.html;True
page_446.html;True
page_447.html;True
page_448.html;True
page_449.html;True
page_450.html;True
page_451.html;True
page_452.html;True
page_453.html;True
page_454.html;True
page_455.html;True
page_456.html;True
page_457.html;True
page_458.html;True
page_459.html;True
page_460.html;True
page_461.html;True
page_462.html;True
page_463.html;True
page_464.html;True
page_465.html;True
page_466.html;True
page_467.html;True
page_468.html;True
page_469.html;True
page_470.html;True
page_471.html;True
page_472.html;True
page_473.html;True
page_474.html;True
page_475.html;True
page_476.html;True
page_477.html;True
page_478.html;True
page_479.html;True
page_480.html;True
page_481.html;True
page_482.html;True
page_483.html;True
page_484.html;True
page_485.html;True
page_486.html;True
page_487.html;True
page_488.html;True
page_489.html;True
page_490.html;True
page_491.html;True
page_492.html;True
page_493.html;True
page_494.html;True
page_495.html;True
page_496.html;True
page_497.html;True
page_498.html;True
page_499.html;True
page_500.html;True
page_501.html;True
page_502.html;True
page_503.html;True
page_504.html;True
page_505.html;True
page_506.html;True
page_507.html;True
page_508.html;True
page_509.html;True
page_510.html;True
page_511.html;True
page_512.html;True
page_513.html;True
page_514.html;True
page_515.html;True
page_516.html;True
page_517.html;True
page_518.html;True
page_519.html;True
page_520.html;True
page_521.html;True
page_522.html;True
page_523.html;True
page_524.html;True
page_525.html;True
page_526.html;True
page_527.html;True
page_528.html;True
page_529.html;True
page_530.html;True
page_531.html;True
page_532.html;True
page_533.html;True
page_534.html;True
page_535.html;True
page_536.html;True
page_537.html;True
page_538.html;True
page_539.html;True
page_540.html;True
page_541.html;True
page_542.html;True
page_543.html;True
page_544.html;True
page_545.html;True
page_546.html;True
page_547.html;True
page_548.html;True
page_549.html;True
page_550.html;True
page_551.html;True
page_552.html;True
page_553.html;True
page_554.html;True
page_555.html;True
page_556.html;True
page_557.html;True
page_558.html;True
page_559.html;True
page_560.html;True
page_561.html;True
page_562.html;True
page_563.html;True
page_564.html;True
page_565.html;True
page_566.html;True
page_567.html;True
page_568.html;True
page_569.html;True
page_570.html;True
page_571.html;True
page_572.html;True
page_573.html;True
page_574.html;True
page_575.html;True
page_576.html;True
page_577.html;True
page_578.html;True
page_579.html;True
page_580.html;True
page_581.html;True
page_582.html;True
page_583.html;True
page_584.html;True
page_585.html;True
page_586.html;True
page_587.html;True
page_588.html;True
page_589.html;True
page_590.html;True
page_591.html;True
page_592.html;True
page_593.html;True
page_594.html;True
page_595.html;True
page_596.html;True
page_597.html;True
page_598.html;True
page_599.html;True
page_600.html;True
page_601.html;True
page_602.html;True
page_603.html;True
page_604.html;True
page_605.html;True
page_606.html;True
page_607.html;True
page_608.html;True
page_609.html;True
page_610.html;True
page_611.html;True
page_612.html;True
page_613.html;True
page_614.html;True
page_615.html;True
page_616.html;True
page_617.html;True
page_618.html;True
page_619.html;True
page_620.html;True
page_621.html;True
page_622.html;True
page_623.html;True
page_624.html;True
page_625.html;True
page_626.html;True
page_627.html;True
page_628.html;True
page_629.html;True
page_630.html;True
page_631.html;True
page_632.html;True
page_633.html;True
page_634.html;True
page_635.html;True
page_636.html;True
page_637.html;True
page_638.html;True
page_639.html;True
page_640.html;True
page_641.html;True
page_642.html;True
page_643.html;True
page_644.html;True
page_645.html;True
page_646.html;True
page_647.html;True
page_648.html;True
page_649.html;True
page_650.html;True
page_651.html;True
page_652.html;True
page_653.html;True
page_654.html;True
page_655.html;True
page_656.html;True
page_657.html;True
page_658.html;True
page_659.html;True
page_660.html;True
page_661.html;True
page_662.html;True
page_663.html;True
page_664.html;True
page_665.html;True
page_666.html;True
page_667.html;True
page_668.html;True
page_669.html;True
page_670.html;True
page_671.html;True
page_672.html;True
page_673.html;True
page_674.html;True
page_675.html;True
page_676.html;True
page_677.html;True
page_678.html;True
page_679.html;True
page_680.html;True
page_681.html;True
page_682.html;True
page_683.html;True
page_684.html;True
page_685.html;True
page_686.html;True
page_687.html;True
page_688.html;True
page_689.html;True
page_690.html;True
page_691.html;True
page_692.html;True
page_693.html;True
page_694.html;True
page_695.html;True
page_696.html;True
page_697.html;True
page_698.html;True
page_699.html;True
page_700.html;True
page_701.html;True
page_702.html;True
page_703.html;True
page_704.html;True
page_705.html;True
page_706.html;True
page_707.html;True
page_708.html;True
page_709.html;True
page_710.html;True
page_711.html;True
page_712.html;True
page_713.html;True
page_714.html;True
page_715.html;True
page_716.html;True
page_717.html;True
page_718.html;True
page_719.html;True
page_720.html;True
page_721.html;True
page_722.html;True
page_723.html;True
page_724.html;True
page_725.html;True
page_726.html;True
page_727.html;True
page_728.html;True
page_729.html;True
page_730.html;True
page_731.html;True
page_732.html;True
page_733.html;True
page_734.html;True
page_735.html;True
page_736.html;True
page_737.html;True
page_738.html;True
page_739.html;True
page_740.html;True
page_741.html;True
page_742.html;True
page_743.html;True
page_744.html;True
page_745.html;True
page_746.html;True
page_747.html;True
page_748.html;True
page_749.html;True
page_750.html;True
page_751.html;True
page_752.html;True
page_753.html;True
page_754.html;True
page_755.html;True
page_756.html;True
page_757.html;True
page_758.html;True
page_759.html;True
page_760.html;True
page_761.html;True
page_762.html;True
page_763.html;True
page_764.html;True
page_765.html;True
page_766.html;True
page_767.html;True
page_768.html;True
page_769.html;True
page_770.html;True
page_771.html;True
page_772.html;True
page_773.html;True
page_774.html;True
page_775.html;True
page_776.html;True
page_777.html;True
page_778.html;True
page_779.html;True
page_780.html;True
page_781.html;True
page_782.html;True
page_783.html;True
page_784.html;True
page_785.html;True
page_786.html;True
page_787.html;True
page_788.html;True
page_789.html;True
page_790.html;True
page_791.html;True
page_792.html;True
page_793.html;True
page_794.html;True
page_795.html;True
page_796.html;True
page_797.html;True
page_798.html;True
page_799.html;True
page_800.html;True
page_801.html;True
page_802.html;True
page_803.html;True
page_804.html;True
page_805.html;True
page_806.html;True
page_807.html;True
page_808.html;True
page_809.html;True
page_810.html;True
page_811.html;True
page_812.html;True
page_813.html;True
page_814.html;True
page_815.html;True
page_816.html;True
page_817.html;True
page_818.html;True
page_819.html;True
page_820.html;True
page_821.html;True
page_822.html;True
page_823.html;True
page_824.html;True
page_825.html;True
page_826.html;True
page_827.html;True
page_828.html;True
page_829.html;True
page_830.html;True
page_831.html;True
page_832.html;True
page_833.html;True
page_834.html;True
page_835.html;True
page_836.html;True
page_837.html;True
page_838.html;True
page_839.html;True
page_840.html;True
page_841.html;True
page_842.html;True
page_843.html;True
page_844.html;True
page_845.html;True
page_846.html;True
page_847.html;True
page_848.html;True
page_849.html;True
page_850.html;True
page_851.html;True
page_852.html;True
page_853.html;True
page_854.html;True
page_855.html;True
page_856.html;True
page_857.html;True
page_858.html;True
page_859.html;True
page_860.html;True
page_861.html;True
page_862.html;True
page_863.html;True
page_864.html;True
page_865.html;True
page_866.html;True
page_867.html;True
page_868.html;True
page_869.html;True
page_870.html;True
page_871.html;True
page_872.html;True
page_873.html;True
page_874.html;True
page_875.html;True
page_876.html;True
page_877.html;True
page_878.html;True
page_879.html;True
page_880.html;True
page_881.html;True
page_882.html;True
page_883.html;True
page_884.html;True
page_885.html;True
page_886.html;True
page_887.html;True
page_888.html;True
page_889.html;True
page_890.html;True
page_891.html;True
page_892.html;True
page_893.html;True
page_894.html;True
page_895.html;True
page_896.html;True
page_897.html;True
page_898.html;True
page_899.html;True
page_900.html;True
page_901.html;True
page_902.html;True
page_903.html;True
page_904.html;True
page_905.html;True
page_906.html;True
page_907.html;True
page_908.html;True
page_909.html;True
page_910.html;True
page_911.html;True
page_912.html;True
page_913.html;True
page_914.html;True
page_915.html;True
page_916.html;True
page_917.html;True
page_918.html;True
page_919.html;True
page_920.html;True
page_921.html;True
page_922.html;True
page_923.html;True
page_924.html;True
page_925.html;True
page_926.html;True
page_927.html;True
page_928.html;True
page_929.html;True
page_930.html;True
page_931.html;True
page_932.html;True
page_933.html;True
page_934.html;True
page_935.html;True
page_936.html;True
page_937.html;True
page_938.html;True
page_939.html;True
page_940.html;True
page_941.html;True
page_942.html;True
page_943.html;True
page_944.html;True
page_945.html;True
page_946.html;True
page_947.html;True
page_948.html;True
page_949.html;True
page_950.html;True
page_951.html;True
page_952.html;True
page_953.html;True
page_954.html;True
page_955.html;True
page_956.html;True
page_957.html;True
page_958.html;True
page_959.html;True
page_960.html;True
page_961.html;True
page_962.html;True
page_963.html;True
page_964.html;True
page_965.html;True
page_966.html;True
page_967.html;True
page_968.html;True
page_969.html;True
page_970.html;True
page_971.html;True
page_972.html;True
page_973.html;True
page_974.html;True
page_975.html;True
page_976.html;True
page_977.html;True
page_978.html;True
page_979.html;True
page_980.html;True
page_981.html;True
page_982.html;True
page_983.html;True
page_984.html;True
page_985.html;True
page_986.html;True
page_987.html;True
page_988.html;True
page_989.html;True
page_990.html;True
page_991.html;True
page_992.html;True
page_993.html;True
page_994.html;True
page_995.html;True
page_996.html;True
page_997.html;True
page_998.html;True
page_999.html;True
page_1000.html;True
page_1001.html;True
page_1002.html;True
page_1003.html;True
page_1004.html;True
page_1005.html;True
page_1006.html;True
page_1007.html;True
page_1008.html;True
page_1009.html;True
page_1010.html;True
page_1011.html;True
page_1012.html;True
page_1013.html;True
page_1014.html;True
page_1015.html;True
page_1016.html;True
page_1017.html;True
page_1018.html;True
page_1019.html;True
page_1020.html;True
page_1021.html;True
page_1022.html;True
page_1023.html;True
page_1024.html;True
page_1025.html;True
page_1026.html;True
page_1027.html;True
page_1028.html;True
page_1029.html;True
page_1030.html;True
page_1031.html;True
page_1032.html;True
page_1033.html;True
page_1034.html;True
page_1035.html;True
page_1036.html;True
page_1037.html;True
page_1038.html;True
page_1039.html;True
page_1040.html;True
page_1041.html;True
page_1042.html;True
page_1043.html;True
page_1044.html;True
page_1045.html;True
page_1046.html;True
page_1047.html;True
page_1048.html;True
page_1049.html;True
page_1050.html;True
page_1051.html;True
page_1052.html;True
page_1053.html;True
page_1054.html;True
page_1055.html;True
page_1056.html;True
page_1057.html;True
page_1058.html;True
page_1059.html;True
page_1060.html;True
page_1061.html;True
page_1062.html;True
page_1063.html;True
page_1064.html;True
page_1065.html;True
page_1066.html;True
page_1067.html;True
page_1068.html;True
page_1069.html;True
page_1070.html;True
page_1071.html;True
page_1072.html;True
page_1073.html;True
page_1074.html;True
page_1075.html;True
page_1076.html;True
page_1077.html;True
page_1078.html;True
page_1079.html;True
page_1080.html;True
page_1081.html;True
page_1082.html;True
page_1083.html;True
page_1084.html;True
page_1085.html;True
page_1086.html;True
page_1087.html;True
page_1088.html;True
page_1089.html;True
page_1090.html;True
page_1091.html;True
page_1092.html;True
page_1093.html;True
page_1094.html;True
page_1095.html;True
page_1096.html;True
page_1097.html;True
page_1098.html;True
page_1099.html;True
page_1100.html;True
page_1101.html;True
page_1102.html;True
page_1103.html;True
page_1104.html;True
page_1105.html;True
page_1106.html;True
page_1107.html;True
page_1108.html;True
page_1109.html;True
page_1110.html;True
page_1111.html;True
page_1112.html;True
page_1113.html;True
page_1114.html;True
page_1115.html;True
page_1116.html;True
page_1117.html;True
page_1118.html;True
page_1119.html;True
page_1120.html;True
page_1121.html;True
page_1122.html;True
page_1123.html;True
page_1124.html;True
page_1125.html;True
page_1126.html;True
page_1127.html;True
page_1128.html;True
page_1129.html;True
page_1130.html;True
page_1131.html;True
page_1132.html;True
page_1133.html;True
page_1134.html;True
page_1135.html;True
page_1136.html;True
page_1137.html;True
page_1138.html;True
page_1139.html;True
page_1140.html;True
page_1141.html;True
page_1142.html;True
page_1143.html;True
page_1144.html;True
page_1145.html;True
page_1146.html;True
page_1147.html;True
page_1148.html;True
page_1149.html;True
page_1150.html;True
page_1151.html;True
page_1152.html;True
page_1153.html;True
page_1154.html;True
page_1155.html;True
page_1156.html;True
page_1157.html;True
page_1158.html;True
page_1159.html;True
page_1160.html;True
page_1161.html;True
page_1162.html;True
page_1163.html;True
page_1164.html;True
page_1165.html;True
page_1166.html;True
page_1167.html;True
page_1168.html;True
page_1169.html;True
page_1170.html;True
page_1171.html;True
page_1172.html;True
page_1173.html;True
page_1174.html;True
page_1175.html;True
page_1176.html;True
page_1177.html;True
page_1178.html;True
page_1179.html;True
page_1180.html;True
page_1181.html;True
page_1182.html;True
page_1183.html;True
page_1184.html;True
page_1185.html;True
page_1186.html;True
page_1187.html;True
page_1188.html;True
page_1189.html;True
page_1190.html;True
page_1191.html;True
page_1192.html;True
page_1193.html;True
page_1194.html;True
page_1195.html;True
page_1196.html;True
page_1197.html;True
page_1198.html;True
page_1199.html;True
page_1200.html;True
page_1201.html;True
page_1202.html;True
page_1203.html;True
page_1204.html;True
page_1205.html;True
page_1206.html;True
page_1207.html;True
page_1208.html;True
page_1209.html;True
page_1210.html;True
page_1211.html;True
page_1212.html;True
page_1213.html;True
page_1214.html;True
page_1215.html;True
page_1216.html;True
page_1217.html;True
page_1218.html;True
page_1219.html;True
page_1220.html;True
page_1221.html;True
page_1222.html;True
page_1223.html;True
page_1224.html;True
page_1225.html;True
page_1226.html;True
page_1227.html;True
page_1228.html;True
page_1229.html;True
page_1230.html;True
page_1231.html;True
page_1232.html;True
page_1233.html;True
page_1234.html;True
page_1235.html;True
page_1236.html;True
page_1237.html;True
page_1238.html;True
page_1239.html;True
page_1240.html;True
page_1241.html;True
page_1242.html;True
page_1243.html;True
page_1244.html;True
page_1245.html;True
page_1246.html;True
page_1247.html;True
page_1248.html;True
page_1249.html;True
page_1250.html;True
page_1251.html;True
page_1252.html;True
page_1253.html;True
page_1254.html;True
page_1255.html;True
page_1256.html;True
page_1257.html;True
page_1258.html;True
page_1259.html;True
page_1260.html;True
page_1261.html;True
page_1262.html;True
page_1263.html;True
page_1264.html;True
page_1265.html;True
page_1266.html;True
page_1267.html;True
page_1268.html;True
page_1269.html;True
page_1270.html;True
page_1271.html;True
page_1272.html;True
page_1273.html;True
page_1274.html;True
page_1275.html;True
page_1276.html;True
page_1277.html;True
page_1278.html;True
page_1279.html;True
page_1280.html;True
page_1281.html;True
page_1282.html;True
page_1283.html;True
page_1284.html;True
page_1285.html;True
page_1286.html;True
page_1287.html;True
page_1288.html;True
page_1289.html;True
page_1290.html;True
page_1291.html;True
page_1292.html;True
page_1293.html;True
page_1294.html;True
page_1295.html;True
page_1296.html;True
page_1297.html;True
page_1298.html;True
page_1299.html;True
page_1300.html;True
page_1301.html;True
page_1302.html;True
page_1303.html;True
page_1304.html;True
page_1305.html;True
page_1306.html;True
page_1307.html;True
page_1308.html;True
page_1309.html;True
page_1310.html;True
page_1311.html;True
page_1312.html;True
page_1313.html;True
page_1314.html;True
page_1315.html;True
page_1316.html;True
page_1317.html;True
page_1318.html;True
page_1319.html;True
page_1320.html;True
page_1321.html;True
page_1322.html;True
page_1323.html;True
page_1324.html;True
page_1325.html;True
page_1326.html;True
page_1327.html;True
page_1328.html;True
page_1329.html;True
page_1330.html;True
page_1331.html;True
page_1332.html;True
page_1333.html;True
page_1334.html;True
page_1335.html;True
page_1336.html;True
page_1337.html;True
page_1338.html;True
page_1339.html;True
page_1340.html;True
page_1341.html;True
page_1342.html;True
page_1343.html;True
page_1344.html;True
page_1345.html;True
page_1346.html;True
page_1347.html;True
page_1348.html;True
page_1349.html;True
page_1350.html;True
page_1351.html;True
page_1352.html;True
page_1353.html;True
page_1354.html;True
page_1355.html;True
page_1356.html;True
page_1357.html;True
page_1358.html;True
page_1359.html;True
page_1360.html;True
page_1361.html;True
page_1362.html;True
page_1363.html;True
page_1364.html;True
page_1365.html;True
page_1366.html;True
page_1367.html;True
page_1368.html;True
page_1369.html;True
page_1370.html;True
page_1371.html;True
page_1372.html;True
page_1373.html;True
page_1374.html;True
page_1375.html;True
page_1376.html;True
page_1377.html;True
page_1378.html;True
page_1379.html;True
page_1380.html;True
page_1381.html;True
page_1382.html;True
page_1383.html;True
page_1384.html;True
page_1385.html;True
page_1386.html;True
page_1387.html;True
page_1388.html;True
page_1389.html;True
page_1390.html;True
page_1391.html;True
page_1392.html;True
page_1393.html;True
page_1394.html;True
page_1395.html;True
page_1396.html;True
page_1397.html;True
page_1398.html;True
page_1399.html;True
page_1400.html;True
page_1401.html;True
page_1402.html;True
page_1403.html;True
page_1404.html;True
page_1405.html;True
page_1406.html;True
page_1407.html;True
page_1408.html;True
page_1409.html;True
page_1410.html;True
page_1411.html;True
page_1412.html;True
page_1413.html;True
page_1414.html;True
page_1415.html;True
page_1416.html;True
page_1417.html;True
page_1418.html;True
page_1419.html;True
page_1420.html;True
page_1421.html;True
page_1422.html;True
page_1423.html;True
page_1424.html;True
page_1425.html;True
page_1426.html;True
page_1427.html;True
page_1428.html;True
page_1429.html;True
page_1430.html;True
page_1431.html;True
page_1432.html;True
page_1433.html;True
page_1434.html;True
page_1435.html;True
page_1436.html;True
page_1437.html;True
page_1438.html;True
page_1439.html;True
page_1440.html;True
page_1441.html;True
page_1442.html;True
page_1443.html;True
page_1444.html;True
page_1445.html;True
page_1446.html;True
page_1447.html;True
page_1448.html;True
page_1449.html;True
page_1450.html;True
page_1451.html;True
page_1452.html;True
page_1453.html;True
page_1454.html;True
page_1455.html;True
page_1456.html;True
page_1457.html;True
page_1458.html;True
page_1459.html;True
page_1460.html;True
page_1461.html;True
page_1462.html;True
page_1463.html;True
page_1464.html;True
page_1465.html;True
page_1466.html;True
page_1467.html;True
page_1468.html;True
page_1469.html;True
page_1470.html;True
page_1471.html;True
page_1472.html;True
page_1473.html;True
page_1474.html;True
page_1475.html;True
page_1476.html;True
page_1477.html;True
page_1478.html;True
page_1479.html;True
page_1480.html;True
page_1481.html;True
page_1482.html;True
page_1483.html;True
page_1484.html;True
page_1485.html;True
page_1486.html;True
page_1487.html;True
page_1488.html;True
page_1489.html;True
page_1490.html;True
page_1491.html;True
page_1492.html;True
page_1493.html;True
page_1494.html;True
page_1495.html;True
page_1496.html;True
page_1497.html;True
page_1498.html;True
page_1499.html;True
page_1500.html;True
page_1501.html;True
page_1502.html;True
page_1503.html;True
page_1504.html;True
page_1505.html;True
page_1506.html;True
page_1507.html;True
page_1508.html;True
page_1509.html;True
page_1510.html;True
page_1511.html;True
page_1512.html;True
page_1513.html;True
page_1514.html;True
page_1515.html;True
page_1516.html;True
page_1517.html;True
page_1518.html;True
page_1519.html;True
page_1520.html;True
page_1521.html;True
page_1522.html;True
page_1523.html;True
page_1524.html;True
page_1525.html;True
page_1526.html;True
page_1527.html;True
page_1528.html;True
page_1529.html;True
page_1530.html;True
page_1531.html;True
page_1532.html;True
page_1533.html;True
page_1534.html;True
page_1535.html;True
page_1536.html;True
page_1537.html;True
page_1538.html;True
page_1539.html;True
page_1540.html;True
page_1541.html;True
page_1542.html;True
page_1543.html;True
page_1544.html;True
page_1545.html;True
page_1546.html;True
page_1547.html;True
page_1548.html;True
page_1549.html;True
page_1550.html;True
page_1551.html;True
page_1552.html;True
page_1553.html;True
page_1554.html;True
page_1555.html;True
page_1556.html;True
page_1557.html;True
page_1558.html;True
page_1559.html;True
page_1560.html;True
page_1561.html;True
page_1562.html;True
page_1563.html;True
page_1564.html;True
page_1565.html;True
page_1566.html;True
page_1567.html;True
page_1568.html;True
page_1569.html;True
page_1570.html;True
page_1571.html;True
page_1572.html;True
page_1573.html;True
page_1574.html;True
page_1575.html;True
page_1576.html;True
page_1577.html;True
page_1578.html;True
page_1579.html;True
page_1580.html;True
page_1581.html;True
page_1582.html;True
page_1583.html;True
page_1584.html;True
page_1585.html;True
page_1586.html;True
page_1587.html;True
page_1588.html;True
page_1589.html;True
page_1590.html;True
page_1591.html;True
page_1592.html;True
page_1593.html;True
page_1594.html;True
page_1595.html;True
page_1596.html;True
page_1597.html;True
page_1598.html;True
page_1599.html;True
page_1600.html;True
page_1601.html;True
page_1602.html;True
page_1603.html;True
page_1604.html;True
page_1605.html;True
page_1606.html;True
page_1607.html;True
page_1608.html;True
page_1609.html;True
page_1610.html;True
page_1611.html;True
page_1612.html;True
page_1613.html;True
page_1614.html;True
page_1615.html;True
page_1616.html;True
page_1617.html;True
page_1618.html;True
page_1619.html;True
page_1620.html;True
page_1621.html;True
page_1622.html;True
page_1623.html;True
page_1624.html;True
page_1625.html;True
page_1626.html;True
page_1627.html;True
page_1628.html;True
page_1629.html;True
page_1630.html;True
page_1631.html;True
page_1632.html;True
page_1633.html;True
page_1634.html;True
page_1635.html;True
page_1636.html;True
page_1637.html;True
page_1638.html;True
page_1639.html;True
page_1640.html;True
page_1641.html;True
page_1642.html;True
page_1643.html;True
page_1644.html;True
page_1645.html;True
page_1646.html;True
page_1647.html;True
page_1648.html;True
page_1649.html;True
page_1650.html;True
page_1651.html;True
page_1652.html;True
page_1653.html;True
page_1654.html;True
page_1655.html;True
page_1656.html;True
page_1657.html;True
page_1658.html;True
page_1659.html;True
page_1660.html;True
page_1661.html;True
page_1662.html;True
page_1663.html;True
page_1664.html;True
page_1665.html;True
page_1666.html;True
page_1667.html;True
page_1668.html;True
page_1669.html;True
page_1670.html;True
page_1671.html;True
page_1672.html;True
page_1673.html;True
page_1674.html;True
page_1675.html;True
page_1676.html;True
page_1677.html;True
page_1678.html;True
page_1679.html;True
page_1680.html;True
page_1681.html;True
page_1682.html;True
page_1683.html;True
page_1684.html;True
page_1685.html;True
page_1686.html;True
page_1687.html;True
page_1688.html;True
page_1689.html;True
page_1690.html;True
page_1691.html;True
page_1692.html;True
page_1693.html;True
page_1694.html;True
page_1695.html;True
page_1696.html;True
page_1697.html;True
page_1698.html;True
page_1699.html;True
page_1700.html;True
page_1701.html;True
page_1702.html;True
page_1703.html;True
page_1704.html;True
page_1705.html;True
page_1706.html;True
page_1707.html;True
page_1708.html;True
page_1709.html;True
page_1710.html;True
page_1711.html;True
page_1712.html;True
page_1713.html;True
page_1714.html;True
page_1715.html;True
page_1716.html;True
page_1717.html;True
page_1718.html;True
page_1719.html;True
page_1720.html;True
page_1721.html;True
page_1722.html;True
page_1723.html;True
page_1724.html;True
page_1725.html;True
page_1726.html;True
page_1727.html;True
page_1728.html;True
page_1729.html;True
page_1730.html;True
page_1731.html;True
page_1732.html;True
page_1733.html;True
page_1734.html;True
page_1735.html;True
page_1736.html;True
page_1737.html;True
page_1738.html;True
page_1739.html;True
page_1740.html;True
page_1741.html;True
page_1742.html;True
page_1743.html;True
page_1744.html;True
page_1745.html;True
page_1746.html;True
page_1747.html;True
page_1748.html;True
page_1749.html;True
page_1750.html;True
page_1751.html;True
page_1752.html;True
page_1753.html;True
page_1754.html;True
page_1755.html;True
page_1756.html;True
page_1757.html;True
page_1758.html;True
page_1759.html;True
page_1760.html;True
page_1761.html;True
page_1762.html;True
page_1763.html;True
page_1764.html;True
page_1765.html;True
page_1766.html;True
page_1767.html;True
page_1768.html;True
page_1769.html;True
page_1770.html;True
page_1771.html;True
page_1772.html;True
page_1773.html;True
page_1774.html;True
page_1775.html;True
page_1776.html;True
page_1777.html;True
page_1778.html;True
page_1779.html;True
page_1780.html;True
page_1781.html;True
page_1782.html;True
page_1783.html;True
page_1784.html;True
page_1785.html;True
page_1786.html;True
page_1787.html;True
page_1788.html;True
page_1789.html;True
page_1790.html;True
page_1791.html;True
page_1792.html;True
page_1793.html;True
page_1794.html;True
page_1795.html;True
page_1796.html;True
page_1797.html;True
page_1798.html;True
page_1799.html;True
page_1800.html;True
page_1801.html;True
page_1802.html;True
page_1803.html;True
page_1804.html;True
page_1805.html;True
page_1806.html;True
page_1807.html;True
page_1808.html;True
page_1809.html;True
page_1810.html;True
page_1811.html;True
page_1812.html;True
page_1813.html;True
page_1814.html;True
page_1815.html;True
page_1816.html;True
page_1817.html;True
page_1818.html;True
page_1819.html;True
page_1820.html;True
page_1821.html;True
page_1822.html;True
page_1823.html;True
page_1824.html;True
page_1825.html;True
page_1826.html;True
page_1827.html;True
page_1828.html;True
page_1829.html;True
page_1830.html;True
page_1831.html;True
page_1832.html;True
page_1833.html;True
page_1834.html;True
page_1835.html;True
page_1836.html;True
page_1837.html;True
page_1838.html;True
page_1839.html;True
page_1840.html;True
page_1841.html;True
page_1842.html;True
page_1843.html;True
page_1844.html;True
page_1845.html;True
page_1846.html;True
page_1847.html;True
page_1848.html;True
page_1849.html;True
page_1850.html;True
page_1851.html;True
page_1852.html;True
page_1853.html;True
page_1854.html;True
page_1855.html;True
page_1856.html;True
page_1857.html;True
page_1858.html;True
page_1859.html;True
page_1860.html;True
page_1861.html;True
page_1862.html;True
page_1863.html;True
page_1864.html;True
page_1865.html;True
page_1866.html;True
page_1867.html;True
page_1868.html;True
page_1869.html;True
page_1870.html;True
page_1871.html;True
page_1872.html;True
page_1873.html;True
page_1874.html;True
page_1875.html;True
page_1876.html;True
page_1877.html;True
page_1878.html;True
page_1879.html;True
page_1880.html;True
page_1881.html;True
page_1882.html;True
page_1883.html;True
page_1884.html;True
page_1885.html;True
page_1886.html;True
page_1887.html;True
page_1888.html;True
page_1889.html;True
page_1890.html;True
page_1891.html;True
page_1892.html;True
page_1893.html;True
page_1894.html;True
page_1895.html;True
page_1896.html;True
page_1897.html;True
page_1898.html;True
page_1899.html;True
page_1900.html;True
page_1901.html;True
page_1902.html;True
page_1903.html;True
page_1904.html;True
page_1905.html;True
page_1906.html;True
page_1907.html;True
page_1908.html;True
page_1909.html;True
page_1910.html;True
page_1911.html;True
page_1912.html;True
page_1913.html;True
page_1914.html;True
page_1915.html;True
page_1916.html;True
page_1917.html;True
page_1918.html;True
page_1919.html;True
page_1920.html;True
page_1921.html;True
page_1922.html;True
page_1923.html;True
page_1924.html;True
page_1925.html;True
page_1926.html;True
page_1927.html;True
page_1928.html;True
page_1929.html;True
page_1930.html;True
page_1931.html;True
page_1932.html;True
page_1933.html;True
page_1934.html;True
page_1935.html;True
page_1936.html;True
page_1937.html;True
page_1938.html;True
page_1939.html;True
page_1940.html;True
page_1941.html;True
page_1942.html;True
page_1943.html;True
page_1944.html;True
page_1945.html;True
page_1946.html;True
page_1947.html;True
page_1948.html;True
page_1949.html;True
page_1950.html;True
page_1951.html;True
page_1952.html;True
page_1953.html;True
page_1954.html;True
page_1955.html;True
page_1956.html;True
page_1957.html;True
page_1958.html;True
page_1959.html;True
page_1960.html;True
page_1961.html;True
page_1962.html;True
page_1963.html;True
page_1964.html;True
page_1965.html;True
page_1966.html;True
page_1967.html;True
page_1968.html;True
page_1969.html;True
page_1970.html;True
page_1971.html;True
page_1972.html;True
page_1973.html;True
page_1974.html;True
page_1975.html;True
page_1976.html;True
page_1977.html;True
page_1978.html;True
page_1979.html;True
page_1980.html;True
page_1981.html;True
page_1982.html;True
page_1983.html;True
page_1984.html;True
page_1985.html;True
page_1986.html;True
page_1987.html;True
page_1988.html;True
page_1989.html;True
page_1990.html;True
page_1991.html;True
page_1992.html;True
page_1993.html;True
page_1994.html;True
page_1995.html;True
page_1996.html;True
page_1997.html;True
page_1998.html;True
page_1999.html;True
page_2000.html;True
